,0
0,https://steamunlocked.org/moose-diver-free-download/
1,https://steamunlocked.org/battle-talent-free-download/
2,https://steamunlocked.org/ars-notoria-free-download/
3,https://steamunlocked.org/arcadie-second-born-free-download/
4,https://steamunlocked.org/comic-book-store-simulator-free-download/
5,https://steamunlocked.org/duskpunk-free-download/
6,https://steamunlocked.org/afallon-free-download/
7,https://steamunlocked.org/star-ores-inc-free-download/
8,https://steamunlocked.org/marvel-cosmic-invasion-free-download/
9,https://steamunlocked.org/alone-in-the-dark-free-download/
10,https://steamunlocked.org/incredicer-free-download/
11,https://steamunlocked.org/eventide-matter-free-download/
12,https://steamunlocked.org/marvel-cosmic-invasion-free-download/
13,https://steamunlocked.org/fifa-21-free-download/
14,https://steamunlocked.org/abandoned-archive-free-download/
15,https://steamunlocked.org/of-ash-and-steel-free-download/
16,https://steamunlocked.org/constance-free-download/
17,https://steamunlocked.org/battlefield-6-free-download/
18,https://steamunlocked.org/avowed-free-download/
19,https://steamunlocked.org/astroneer-free-download/
20,https://steamunlocked.org/borderlands-3-free-download/
21,https://steamunlocked.org/sacred-2-remaster-free-download/
22,https://steamunlocked.org/assetto-corsa-rally-free-download/
23,https://steamunlocked.org/nascar-25-free-download/
24,https://steamunlocked.org/afallon-free-download/
25,https://steamunlocked.org/marvel-cosmic-invasion-free-download/
26,https://steamunlocked.org/brew-free-download/
27,https://steamunlocked.org/ragnar-free-download/
28,https://steamunlocked.org/hail-to-the-rainbow-free-download/
29,https://steamunlocked.org/arctic-awakening-free-download/
30,https://steamunlocked.org/alices-world-free-download/
31,https://steamunlocked.org/aragami-free-download/
32,https://steamunlocked.org/aragami-2-free-download/
33,https://steamunlocked.org/arise-a-simple-story-free-download/
34,https://steamunlocked.org/a-pizza-delivery-free-download/
35,https://steamunlocked.org/abandoned-archive-free-download/
36,https://steamunlocked.org/amid-evil-free-download/
37,https://steamunlocked.org/blood-west-free-download/
38,https://steamunlocked.org/slyders-free-download/
39,https://steamunlocked.org/battlefield-6-free-download/
40,https://steamunlocked.org/anger-foot-free-download/
41,https://steamunlocked.org/abyssus-free-download/
42,https://steamunlocked.org/borderlands-2-free-download/
43,https://steamunlocked.org/borderlands-game-of-the-year-enhanced-free-download/
44,https://steamunlocked.org/aimbeast-free-download/
45,https://steamunlocked.org/no-players-online-free-download/
46,https://steamunlocked.org/dusk-12-free-download/
47,https://steamunlocked.org/the-stalin-subway-red-veil-free-download/
48,https://steamunlocked.org/alone-in-the-dark-free-download/
49,https://steamunlocked.org/huntsman-free-download/
50,https://steamunlocked.org/at-dead-of-night-free-download/
51,https://steamunlocked.org/a-i-l-a-free-download/
52,https://steamunlocked.org/backrooms-escape-together-free-download/
53,https://steamunlocked.org/violent-horror-stories-2-free-download/
54,https://steamunlocked.org/bendy-lone-wolf-free-download/
55,https://steamunlocked.org/amnesia-the-dark-descent-free-download/
56,https://steamunlocked.org/side-effects-free-download/
57,https://steamunlocked.org/resident-evil-0-and-1-remaster-free-download/
58,https://steamunlocked.org/unmourned-free-download/
59,https://steamunlocked.org/kriophobia-free-download/
60,https://steamunlocked.org/fifa-21-free-download/
61,https://steamunlocked.org/beach-buggy-racing-2-island-adventure-free-download/
62,https://steamunlocked.org/assetto-corsa-rally-free-download/
63,https://steamunlocked.org/nascar-25-free-download/
64,https://steamunlocked.org/driving-life-free-download/
65,https://steamunlocked.org/inazuma-eleven-victory-road-free-download/
66,https://steamunlocked.org/thunder-spikes-volleyball-free-download/
67,https://steamunlocked.org/need-for-speed-heat-free-download/
68,https://steamunlocked.org/midnight-thunder-drive-free-download/
69,https://steamunlocked.org/extreme-bike-x-free-download/
70,https://steamunlocked.org/drive-drift-x-free-download/
71,https://steamunlocked.org/super-retro-gp-free-download/
